id,name,affect,time
1,南极环极洋流,强烈影响,常年性影响
2,南极环极洋流,强烈影响,常年性影响
3,南极环极洋流,强烈影响,常年性影响
4,南极环极洋流,强烈影响,常年性影响
5,南极环极洋流,强烈影响,常年性影响
6,南极环极洋流,强烈影响,常年性影响
7,南极环极洋流,强烈影响,常年性影响
8,南极环极洋流,强烈影响,常年性影响
9,南极环极洋流,强烈影响,常年性影响
10,南极环极洋流,强烈影响,常年性影响
11,南极环极洋流,强烈影响,常年性影响
12,南极环极洋流,强烈影响,常年性影响
13,南极环极洋流,强烈影响,常年性影响
14,南极环极洋流,强烈影响,常年性影响
15,南极环极洋流,强烈影响,常年性影响
16,南极环极洋流,强烈影响,常年性影响
17,南极环极洋流,强烈影响,常年性影响
18,南极环极洋流,强烈影响,常年性影响
19,南极环极洋流,强烈影响,常年性影响
20,南极环极洋流,强烈影响,常年性影响
21,南极环极洋流,强烈影响,常年性影响
22,南极环极洋流,强烈影响,常年性影响
23,南极环极洋流,强烈影响,常年性影响
24,南极环极洋流,强烈影响,常年性影响
25,南极环极洋流,强烈影响,常年性影响
26,南极环极洋流,强烈影响,常年性影响
27,南极环极洋流,强烈影响,常年性影响
28,南极环极洋流,强烈影响,常年性影响
29,南极环极洋流,强烈影响,常年性影响
30,南极环极洋流,强烈影响,常年性影响
31,南极环极洋流,强烈影响,常年性影响
32,南极环极洋流,强烈影响,常年性影响
33,南极环极洋流,强烈影响,常年性影响
34,南极环极洋流,强烈影响,常年性影响
35,南极环极洋流,强烈影响,常年性影响
36,南极环极洋流,强烈影响,常年性影响
37,南极环极洋流,强烈影响,常年性影响
38,南极环极洋流,强烈影响,常年性影响
39,南极环极洋流,强烈影响,常年性影响
40,南极环极洋流,强烈影响,常年性影响
41,南极环极洋流,强烈影响,常年性影响
42,南极环极洋流,强烈影响,常年性影响
43,南极环极洋流,强烈影响,常年性影响
44,南极环极洋流,强烈影响,常年性影响
45,南极环极洋流,强烈影响,常年性影响
46,南极环极洋流,强烈影响,常年性影响
47,南极环极洋流,强烈影响,常年性影响
48,南极环极洋流,强烈影响,常年性影响
49,南极环极洋流,强烈影响,常年性影响
50,南极环极洋流,强烈影响,常年性影响
51,南极环极洋流,强烈影响,常年性影响
52,南极环极洋流,强烈影响,常年性影响
53,南极环极洋流,强烈影响,常年性影响
54,南极环极洋流,强烈影响,常年性影响
55,南极环极洋流,强烈影响,常年性影响
56,南极环极洋流,强烈影响,常年性影响
57,南极环极洋流,强烈影响,常年性影响
58,南极环极洋流,强烈影响,常年性影响
59,南极环极洋流,强烈影响,常年性影响
60,南极环极洋流,强烈影响,常年性影响
61,南极环极洋流,强烈影响,常年性影响
62,南极环极洋流,强烈影响,常年性影响
63,南极环极洋流,强烈影响,常年性影响
64,南极环极洋流,强烈影响,常年性影响
65,南极环极洋流,强烈影响,常年性影响
66,南极环极洋流,强烈影响,常年性影响
67,南极环极洋流,强烈影响,常年性影响
68,南极环极洋流,强烈影响,常年性影响
69,南极环极洋流,强烈影响,常年性影响
70,南极环极洋流,强烈影响,常年性影响
71,南极环极洋流,强烈影响,常年性影响
72,南极环极洋流,强烈影响,常年性影响
73,南极环极洋流,强烈影响,常年性影响
74,南极环极洋流,强烈影响,常年性影响
75,南极环极洋流,强烈影响,常年性影响
76,南极环极洋流,强烈影响,常年性影响
77,南极环极洋流,强烈影响,常年性影响
78,南极环极洋流,强烈影响,常年性影响
79,南极环极洋流,强烈影响,常年性影响
80,南极环极洋流,强烈影响,常年性影响
81,南极环极洋流,强烈影响,常年性影响
82,南极环极洋流,强烈影响,常年性影响
83,南极环极洋流,强烈影响,常年性影响
84,南极环极洋流,强烈影响,常年性影响
85,南极环极洋流,强烈影响,常年性影响
86,南极环极洋流,强烈影响,常年性影响
87,南极环极洋流,强烈影响,常年性影响
88,南极环极洋流,强烈影响,常年性影响
89,南极环极洋流,强烈影响,常年性影响
90,南极环极洋流,强烈影响,常年性影响
91,南极环极洋流,强烈影响,常年性影响
92,南极环极洋流,强烈影响,常年性影响
93,南极环极洋流,强烈影响,常年性影响
94,南极环极洋流,强烈影响,常年性影响
95,南极环极洋流,强烈影响,常年性影响
96,南极环极洋流,强烈影响,常年性影响
97,南极环极洋流,强烈影响,常年性影响
98,南极环极洋流,强烈影响,常年性影响
99,南极环极洋流,强烈影响,常年性影响
100,南极环极洋流,强烈影响,常年性影响
101,南极环极洋流,强烈影响,常年性影响
102,南极环极洋流,强烈影响,常年性影响
103,南极环极洋流,强烈影响,常年性影响
104,南极环极洋流,强烈影响,常年性影响
105,南极环极洋流,强烈影响,常年性影响
106,南极环极洋流,强烈影响,常年性影响
107,南极环极洋流,强烈影响,常年性影响
108,南极环极洋流,强烈影响,常年性影响
109,南极环极洋流,强烈影响,常年性影响
110,南极环极洋流,强烈影响,常年性影响
111,南极环极洋流,强烈影响,常年性影响
112,南极环极洋流,强烈影响,常年性影响
113,南极环极洋流,强烈影响,常年性影响
114,南极环极洋流,强烈影响,常年性影响
115,南极环极洋流,强烈影响,常年性影响
116,南极环极洋流,强烈影响,常年性影响
117,南极环极洋流,强烈影响,常年性影响
118,南极环极洋流,强烈影响,常年性影响
119,南极环极洋流,强烈影响,常年性影响
120,南极环极洋流,强烈影响,常年性影响
121,南极环极洋流,强烈影响,常年性影响
122,南极环极洋流,强烈影响,常年性影响
123,南极环极洋流,强烈影响,常年性影响
124,南极环极洋流,强烈影响,常年性影响
125,南极环极洋流,强烈影响,常年性影响
126,南极环极洋流,强烈影响,常年性影响
127,南极环极洋流,强烈影响,常年性影响
128,南极环极洋流,强烈影响,常年性影响
129,南极环极洋流,强烈影响,常年性影响
130,南极环极洋流,强烈影响,常年性影响
131,南极环极洋流,强烈影响,常年性影响
132,南极环极洋流,强烈影响,常年性影响
133,南极环极洋流,强烈影响,常年性影响
134,南极环极洋流,强烈影响,常年性影响
135,南极环极洋流,强烈影响,常年性影响
136,南极环极洋流,强烈影响,常年性影响
137,南极环极洋流,强烈影响,常年性影响
138,南极环极洋流,强烈影响,常年性影响
139,南极环极洋流,强烈影响,常年性影响
140,南极环极洋流,强烈影响,常年性影响
141,南极环极洋流,强烈影响,常年性影响
142,南极环极洋流,强烈影响,常年性影响
143,南极环极洋流,强烈影响,常年性影响
144,南极环极洋流,强烈影响,常年性影响
145,南极环极洋流,强烈影响,常年性影响
146,南极环极洋流,强烈影响,常年性影响
147,南极环极洋流,强烈影响,常年性影响
148,南极环极洋流,强烈影响,常年性影响
149,南极环极洋流,强烈影响,常年性影响
150,南极环极洋流,强烈影响,常年性影响
151,南极环极洋流,强烈影响,常年性影响
152,南极环极洋流,强烈影响,常年性影响
153,南极环极洋流,强烈影响,常年性影响
154,南极环极洋流,强烈影响,常年性影响
155,南极环极洋流,强烈影响,常年性影响
156,南极环极洋流,强烈影响,常年性影响
157,南极环极洋流,强烈影响,常年性影响
158,南极环极洋流,强烈影响,常年性影响
159,南极环极洋流,强烈影响,常年性影响
160,南极环极洋流,强烈影响,常年性影响
161,南极环极洋流,强烈影响,常年性影响
162,南极环极洋流,强烈影响,常年性影响
163,南极环极洋流,强烈影响,常年性影响
164,南极环极洋流,强烈影响,常年性影响
165,南极环极洋流,强烈影响,常年性影响
166,南极环极洋流,强烈影响,常年性影响
167,南极环极洋流,强烈影响,常年性影响
168,南极环极洋流,强烈影响,常年性影响
169,南极环极洋流,强烈影响,常年性影响
170,南极环极洋流,强烈影响,常年性影响
171,南极环极洋流,强烈影响,常年性影响
172,南极环极洋流,强烈影响,常年性影响
173,南极环极洋流,强烈影响,常年性影响
174,南极环极洋流,强烈影响,常年性影响
175,南极环极洋流,强烈影响,常年性影响
176,南极环极洋流,强烈影响,常年性影响
177,南极环极洋流,强烈影响,常年性影响
178,南极环极洋流,强烈影响,常年性影响
179,南极环极洋流,强烈影响,常年性影响
180,南极环极洋流,强烈影响,常年性影响
181,南极环极洋流,强烈影响,常年性影响
182,南极环极洋流,强烈影响,常年性影响
183,南极环极洋流,强烈影响,常年性影响
184,南极环极洋流,强烈影响,常年性影响
185,南极环极洋流,强烈影响,常年性影响
186,南极环极洋流,强烈影响,常年性影响
187,南极环极洋流,强烈影响,常年性影响
188,南极环极洋流,强烈影响,常年性影响
189,南极环极洋流,强烈影响,常年性影响
190,南极环极洋流,强烈影响,常年性影响
191,南极环极洋流,强烈影响,常年性影响
192,南极环极洋流,强烈影响,常年性影响
193,南极环极洋流,强烈影响,常年性影响
194,南极环极洋流,强烈影响,常年性影响
195,南极环极洋流,强烈影响,常年性影响
196,南极环极洋流,强烈影响,常年性影响
197,南极环极洋流,强烈影响,常年性影响
198,南极环极洋流,强烈影响,常年性影响
199,南极环极洋流,强烈影响,常年性影响
200,南极环极洋流,强烈影响,常年性影响
201,南极环极洋流,强烈影响,常年性影响
202,南极环极洋流,强烈影响,常年性影响
203,南极环极洋流,强烈影响,常年性影响
204,南极环极洋流,强烈影响,常年性影响
205,南极环极洋流,强烈影响,常年性影响
206,南极环极洋流,强烈影响,常年性影响
207,南极环极洋流,强烈影响,常年性影响
208,南极环极洋流,强烈影响,常年性影响
209,南极环极洋流,强烈影响,常年性影响
210,南极环极洋流,强烈影响,常年性影响
211,南极环极洋流,强烈影响,常年性影响
212,南极环极洋流,强烈影响,常年性影响
213,南极环极洋流,强烈影响,常年性影响
214,南极环极洋流,强烈影响,常年性影响
215,南极环极洋流,强烈影响,常年性影响
216,南极环极洋流,强烈影响,常年性影响
217,南极环极洋流,强烈影响,常年性影响
218,南极环极洋流,强烈影响,常年性影响
219,南极环极洋流,强烈影响,常年性影响
220,南极环极洋流,强烈影响,常年性影响
221,南极环极洋流,强烈影响,常年性影响
222,南极环极洋流,强烈影响,常年性影响
223,南极环极洋流,强烈影响,常年性影响
224,南极环极洋流,强烈影响,常年性影响
225,南极环极洋流,强烈影响,常年性影响
226,南极环极洋流,强烈影响,常年性影响
227,南极环极洋流,强烈影响,常年性影响
228,南极环极洋流,强烈影响,常年性影响
229,南极环极洋流,强烈影响,常年性影响
230,南极环极洋流,强烈影响,常年性影响
231,南极环极洋流,强烈影响,常年性影响
232,南极环极洋流,强烈影响,常年性影响
233,南极环极洋流,强烈影响,常年性影响
234,南极环极洋流,强烈影响,常年性影响
235,南极环极洋流,强烈影响,常年性影响
236,南极环极洋流,强烈影响,常年性影响
237,南极环极洋流,强烈影响,常年性影响
238,南极环极洋流,强烈影响,常年性影响
239,南极环极洋流,强烈影响,常年性影响
240,南极环极洋流,强烈影响,常年性影响
241,南极环极洋流,强烈影响,常年性影响
242,南极环极洋流,强烈影响,常年性影响
243,南极环极洋流,强烈影响,常年性影响
244,南极环极洋流,强烈影响,常年性影响
245,南极环极洋流,强烈影响,常年性影响
246,南极环极洋流,强烈影响,常年性影响
247,南极环极洋流,强烈影响,常年性影响
248,南极环极洋流,强烈影响,常年性影响
249,南极环极洋流,强烈影响,常年性影响
250,南极环极洋流,强烈影响,常年性影响
251,南极环极洋流,强烈影响,常年性影响
252,南极环极洋流,强烈影响,常年性影响
253,南极环极洋流,强烈影响,常年性影响
254,南极环极洋流,强烈影响,常年性影响
255,南极环极洋流,强烈影响,常年性影响
256,南极环极洋流,强烈影响,常年性影响
257,南极环极洋流,强烈影响,常年性影响
258,南极环极洋流,强烈影响,常年性影响
259,南极环极洋流,强烈影响,常年性影响
260,南极环极洋流,强烈影响,常年性影响
261,南极环极洋流,强烈影响,常年性影响
262,南极环极洋流,强烈影响,常年性影响
263,南极环极洋流,强烈影响,常年性影响
264,南极环极洋流,强烈影响,常年性影响
265,南极环极洋流,强烈影响,常年性影响
266,南极环极洋流,强烈影响,常年性影响
267,南极环极洋流,强烈影响,常年性影响
268,南极环极洋流,强烈影响,常年性影响
269,南极环极洋流,强烈影响,常年性影响
270,南极环极洋流,强烈影响,常年性影响
271,南极环极洋流,强烈影响,常年性影响
272,南极环极洋流,强烈影响,常年性影响
273,南极环极洋流,强烈影响,常年性影响
274,南极环极洋流,强烈影响,常年性影响
275,南极环极洋流,强烈影响,常年性影响
276,南极环极洋流,强烈影响,常年性影响
277,南极环极洋流,强烈影响,常年性影响
278,南极环极洋流,强烈影响,常年性影响
279,南极环极洋流,强烈影响,常年性影响
280,南极环极洋流,强烈影响,常年性影响
281,南极环极洋流,强烈影响,常年性影响
282,南极环极洋流,强烈影响,常年性影响
283,南极环极洋流,强烈影响,常年性影响
284,南极环极洋流,强烈影响,常年性影响
285,南极环极洋流,强烈影响,常年性影响
286,南极环极洋流,强烈影响,常年性影响
287,南极环极洋流,强烈影响,常年性影响
288,南极环极洋流,强烈影响,常年性影响
289,南极环极洋流,强烈影响,常年性影响
290,南极环极洋流,强烈影响,常年性影响
291,南极环极洋流,强烈影响,常年性影响
292,南极环极洋流,强烈影响,常年性影响
293,南极环极洋流,强烈影响,常年性影响
294,南极环极洋流,强烈影响,常年性影响
295,南极环极洋流,强烈影响,常年性影响
296,南极环极洋流,强烈影响,常年性影响
297,南极环极洋流,强烈影响,常年性影响
298,南极环极洋流,强烈影响,常年性影响
299,南极环极洋流,强烈影响,常年性影响
300,南极环极洋流,强烈影响,常年性影响
301,南极环极洋流,强烈影响,常年性影响
302,南极环极洋流,强烈影响,常年性影响
303,南极环极洋流,强烈影响,常年性影响
304,南极环极洋流,强烈影响,常年性影响
305,南极环极洋流,强烈影响,常年性影响
306,南极环极洋流,强烈影响,常年性影响
307,南极环极洋流,强烈影响,常年性影响
308,南极环极洋流,强烈影响,常年性影响
309,南极环极洋流,强烈影响,常年性影响
310,南极环极洋流,强烈影响,常年性影响
311,南极环极洋流,强烈影响,常年性影响
312,南极环极洋流,强烈影响,常年性影响
313,南极环极洋流,强烈影响,常年性影响
314,南极环极洋流,强烈影响,常年性影响
315,南极环极洋流,强烈影响,常年性影响
316,南极环极洋流,强烈影响,常年性影响
317,南极环极洋流,强烈影响,常年性影响
318,南极环极洋流,强烈影响,常年性影响
319,南极环极洋流,强烈影响,常年性影响
320,南极环极洋流,强烈影响,常年性影响
321,南极环极洋流,强烈影响,常年性影响
322,南极环极洋流,强烈影响,常年性影响
323,南极环极洋流,强烈影响,常年性影响
324,南极环极洋流,强烈影响,常年性影响
325,南极环极洋流,强烈影响,常年性影响
326,南极环极洋流,强烈影响,常年性影响
327,南极环极洋流,强烈影响,常年性影响
328,南极环极洋流,强烈影响,常年性影响
329,南极环极洋流,强烈影响,常年性影响
330,南极环极洋流,强烈影响,常年性影响
331,南极环极洋流,强烈影响,常年性影响
332,南极环极洋流,强烈影响,常年性影响
333,南极环极洋流,强烈影响,常年性影响
334,南极环极洋流,强烈影响,常年性影响
335,南极环极洋流,强烈影响,常年性影响
336,南极环极洋流,强烈影响,常年性影响
337,南极环极洋流,强烈影响,常年性影响
338,南极环极洋流,强烈影响,常年性影响
339,南极环极洋流,强烈影响,常年性影响
340,南极环极洋流,强烈影响,常年性影响
341,南极环极洋流,强烈影响,常年性影响
342,南极环极洋流,强烈影响,常年性影响
343,南极环极洋流,强烈影响,常年性影响
344,南极环极洋流,强烈影响,常年性影响
345,南极环极洋流,强烈影响,常年性影响
346,南极环极洋流,强烈影响,常年性影响
347,南极环极洋流,强烈影响,常年性影响
348,南极环极洋流,强烈影响,常年性影响
349,南极环极洋流,强烈影响,常年性影响
350,南极环极洋流,强烈影响,常年性影响
351,南极环极洋流,强烈影响,常年性影响
352,南极环极洋流,强烈影响,常年性影响
353,南极环极洋流,强烈影响,常年性影响
354,南极环极洋流,强烈影响,常年性影响
355,南极环极洋流,强烈影响,常年性影响
356,南极环极洋流,强烈影响,常年性影响
357,南极环极洋流,强烈影响,常年性影响
358,南极环极洋流,强烈影响,常年性影响
359,南极环极洋流,强烈影响,常年性影响
360,南极环极洋流,强烈影响,常年性影响
361,南极环极洋流,强烈影响,常年性影响
362,南极环极洋流,强烈影响,常年性影响
363,南极环极洋流,强烈影响,常年性影响
364,南极环极洋流,强烈影响,常年性影响
365,南极环极洋流,强烈影响,常年性影响
366,南极环极洋流,强烈影响,常年性影响
367,南极环极洋流,强烈影响,常年性影响
368,南极环极洋流,强烈影响,常年性影响
369,南极环极洋流,强烈影响,常年性影响
370,南极环极洋流,强烈影响,常年性影响
371,南极环极洋流,强烈影响,常年性影响
372,南极环极洋流,强烈影响,常年性影响
373,南极环极洋流,强烈影响,常年性影响
374,南极环极洋流,强烈影响,常年性影响
375,南极环极洋流,强烈影响,常年性影响
376,南极环极洋流,强烈影响,常年性影响
377,南极环极洋流,强烈影响,常年性影响
378,南极环极洋流,强烈影响,常年性影响
379,南极环极洋流,强烈影响,常年性影响
380,南极环极洋流,强烈影响,常年性影响
381,南极环极洋流,强烈影响,常年性影响
382,南极环极洋流,强烈影响,常年性影响
383,南极环极洋流,强烈影响,常年性影响
384,南极环极洋流,强烈影响,常年性影响
385,南极环极洋流,强烈影响,常年性影响
386,南极环极洋流,强烈影响,常年性影响
387,南极环极洋流,强烈影响,常年性影响
388,南极环极洋流,强烈影响,常年性影响
389,南极环极洋流,强烈影响,常年性影响
390,南极环极洋流,强烈影响,常年性影响
391,南极环极洋流,强烈影响,常年性影响
392,南极环极洋流,强烈影响,常年性影响
393,南极环极洋流,强烈影响,常年性影响
394,南极环极洋流,强烈影响,常年性影响
395,南极环极洋流,强烈影响,常年性影响
396,南极环极洋流,强烈影响,常年性影响
397,南极环极洋流,强烈影响,常年性影响
398,南极环极洋流,强烈影响,常年性影响
399,南极环极洋流,强烈影响,常年性影响
400,南极环极洋流,强烈影响,常年性影响
401,南极环极洋流,强烈影响,常年性影响
402,南极环极洋流,强烈影响,常年性影响
403,南极环极洋流,强烈影响,常年性影响
404,南极环极洋流,强烈影响,常年性影响
405,南极环极洋流,强烈影响,常年性影响
406,南极环极洋流,强烈影响,常年性影响
407,南极环极洋流,强烈影响,常年性影响
408,南极环极洋流,强烈影响,常年性影响
409,南极环极洋流,强烈影响,常年性影响
410,南极环极洋流,强烈影响,常年性影响
411,南极环极洋流,强烈影响,常年性影响
412,南极环极洋流,强烈影响,常年性影响
413,南极环极洋流,强烈影响,常年性影响
414,南极环极洋流,强烈影响,常年性影响
415,南极环极洋流,强烈影响,常年性影响
416,南极环极洋流,强烈影响,常年性影响
417,南极环极洋流,强烈影响,常年性影响
418,南极环极洋流,强烈影响,常年性影响
419,南极环极洋流,强烈影响,常年性影响
420,南极环极洋流,强烈影响,常年性影响
421,南极环极洋流,强烈影响,常年性影响
422,南极环极洋流,强烈影响,常年性影响
423,南极环极洋流,强烈影响,常年性影响
424,南极环极洋流,强烈影响,常年性影响
425,南极环极洋流,强烈影响,常年性影响
426,南极环极洋流,强烈影响,常年性影响
427,南极环极洋流,强烈影响,常年性影响
428,南极环极洋流,强烈影响,常年性影响
429,南极环极洋流,强烈影响,常年性影响
430,南极环极洋流,强烈影响,常年性影响
431,南极环极洋流,强烈影响,常年性影响
432,南极环极洋流,强烈影响,常年性影响
433,南极环极洋流,强烈影响,常年性影响
434,南极环极洋流,强烈影响,常年性影响
435,南极环极洋流,强烈影响,常年性影响
436,南极环极洋流,强烈影响,常年性影响
437,南极环极洋流,强烈影响,常年性影响
438,南极环极洋流,强烈影响,常年性影响
439,南极环极洋流,强烈影响,常年性影响
440,南极环极洋流,强烈影响,常年性影响
441,南极环极洋流,强烈影响,常年性影响
442,南极环极洋流,强烈影响,常年性影响
443,南极环极洋流,强烈影响,常年性影响
444,南极环极洋流,强烈影响,常年性影响
445,南极环极洋流,强烈影响,常年性影响
446,南极环极洋流,强烈影响,常年性影响
447,南极环极洋流,强烈影响,常年性影响
448,南极环极洋流,强烈影响,常年性影响
449,南极环极洋流,强烈影响,常年性影响
450,南极环极洋流,强烈影响,常年性影响
451,南极环极洋流,强烈影响,常年性影响
452,南极环极洋流,强烈影响,常年性影响
453,南极环极洋流,强烈影响,常年性影响
454,南极环极洋流,强烈影响,常年性影响
455,南极环极洋流,强烈影响,常年性影响
456,南极环极洋流,强烈影响,常年性影响
457,南极环极洋流,强烈影响,常年性影响
458,南极环极洋流,强烈影响,常年性影响
459,南极环极洋流,强烈影响,常年性影响
460,南极环极洋流,强烈影响,常年性影响
461,南极环极洋流,强烈影响,常年性影响
462,南极环极洋流,强烈影响,常年性影响
463,南极环极洋流,强烈影响,常年性影响
464,南极环极洋流,强烈影响,常年性影响
465,南极环极洋流,强烈影响,常年性影响
757,南赤道洋流,强烈影响,常年性影响
758,南赤道洋流,强烈影响,常年性影响
759,南赤道洋流,强烈影响,常年性影响
760,南赤道洋流,强烈影响,常年性影响
761,南赤道洋流,强烈影响,常年性影响
762,南赤道洋流,强烈影响,常年性影响
763,南赤道洋流,强烈影响,常年性影响
764,南赤道洋流,强烈影响,常年性影响
765,南赤道洋流,强烈影响,常年性影响
766,南赤道洋流,强烈影响,常年性影响
767,南赤道洋流,强烈影响,常年性影响
768,南赤道洋流,强烈影响,常年性影响
769,南赤道洋流,强烈影响,常年性影响
770,南赤道洋流,强烈影响,常年性影响
771,南赤道洋流,强烈影响,常年性影响
772,南赤道洋流,强烈影响,常年性影响
773,南赤道洋流,强烈影响,常年性影响
774,南赤道洋流,强烈影响,常年性影响
775,南赤道洋流,强烈影响,常年性影响
812,南赤道洋流,强烈影响,常年性影响
813,南赤道洋流,强烈影响,常年性影响
814,南赤道洋流,强烈影响,常年性影响
846,南赤道洋流,强烈影响,常年性影响
847,南赤道洋流,强烈影响,常年性影响
848,南赤道洋流,强烈影响,常年性影响
849,南赤道洋流,强烈影响,常年性影响
850,南赤道洋流,强烈影响,常年性影响
851,南赤道洋流,强烈影响,常年性影响
852,南赤道洋流,强烈影响,常年性影响
853,南赤道洋流,强烈影响,常年性影响
854,南赤道洋流,强烈影响,常年性影响
855,南赤道洋流,强烈影响,常年性影响
856,南赤道洋流,强烈影响,常年性影响
857,南赤道洋流,强烈影响,常年性影响
858,南赤道洋流,强烈影响,常年性影响
982,北赤道洋流,强烈影响,常年性影响
983,北赤道洋流,强烈影响,常年性影响
984,北赤道洋流,强烈影响,常年性影响
985,北赤道洋流,强烈影响,常年性影响
986,北赤道洋流,强烈影响,常年性影响
987,北赤道洋流,强烈影响,常年性影响
988,北赤道洋流,强烈影响,常年性影响
989,北赤道洋流,强烈影响,常年性影响
990,北赤道洋流,强烈影响,常年性影响
991,北赤道洋流,强烈影响,常年性影响
992,北赤道洋流,强烈影响,常年性影响
993,北赤道洋流,强烈影响,常年性影响
994,北赤道洋流,强烈影响,常年性影响
1028,北赤道洋流,强烈影响,常年性影响
1029,北赤道洋流,强烈影响,常年性影响
1030,北赤道洋流,强烈影响,常年性影响
1031,北赤道洋流,强烈影响,常年性影响
1032,北赤道洋流,强烈影响,常年性影响
1033,北赤道洋流,强烈影响,常年性影响
1034,北赤道洋流,强烈影响,常年性影响
1035,北赤道洋流,强烈影响,常年性影响
1036,北赤道洋流,强烈影响,常年性影响
1037,北赤道洋流,强烈影响,常年性影响
1038,北赤道洋流,强烈影响,常年性影响
1039,北赤道洋流,强烈影响,常年性影响
1040,北赤道洋流,强烈影响,常年性影响
1041,北赤道洋流,强烈影响,常年性影响
1042,北赤道洋流,强烈影响,常年性影响
1043,北赤道洋流,强烈影响,常年性影响
1044,北赤道洋流,强烈影响,常年性影响
1045,北赤道洋流,强烈影响,常年性影响
1046,北赤道洋流,强烈影响,常年性影响
1047,北赤道洋流,强烈影响,常年性影响
1048,北赤道洋流,强烈影响,常年性影响
1049,北赤道洋流,强烈影响,常年性影响
1084,北赤道洋流,强烈影响,常年性影响
1085,北赤道洋流,强烈影响,常年性影响
1086,北赤道洋流,强烈影响,常年性影响
1087,北赤道洋流,强烈影响,常年性影响
1088,北赤道洋流,强烈影响,常年性影响
1089,北赤道洋流,强烈影响,常年性影响
1090,北赤道洋流,强烈影响,常年性影响
1091,北赤道洋流,强烈影响,常年性影响
1092,北赤道洋流,强烈影响,常年性影响
1114,北赤道洋流,强烈影响,常年性影响
1115,北赤道洋流,强烈影响,常年性影响
1116,北赤道洋流,强烈影响,常年性影响
1117,北赤道洋流,强烈影响,常年性影响
1118,北赤道洋流,强烈影响,常年性影响
1119,北赤道洋流,强烈影响,常年性影响
1120,北赤道洋流,强烈影响,常年性影响
1121,北赤道洋流,强烈影响,常年性影响
1167,北赤道洋流,强烈影响,常年性影响
1168,北赤道洋流,强烈影响,常年性影响
1169,北赤道洋流,强烈影响,常年性影响
1170,北赤道洋流,强烈影响,常年性影响
1171,北赤道洋流,强烈影响,常年性影响
1172,北赤道洋流,强烈影响,常年性影响
1173,北赤道洋流,强烈影响,常年性影响
1174,北赤道洋流,强烈影响,常年性影响
1014,北赤道洋流,强烈影响,常年性影响
1015,北赤道洋流,强烈影响,常年性影响
1016,北赤道洋流,强烈影响,常年性影响
1017,北赤道洋流,强烈影响,常年性影响
1018,北赤道洋流,强烈影响,常年性影响
1019,北赤道洋流,强烈影响,常年性影响
870,赤道逆流,强烈影响,常年性影响
871,赤道逆流,强烈影响,常年性影响
872,赤道逆流,强烈影响,常年性影响
873,赤道逆流,强烈影响,常年性影响
874,赤道逆流,强烈影响,常年性影响
875,赤道逆流,强烈影响,常年性影响
876,赤道逆流,强烈影响,常年性影响
877,赤道逆流,强烈影响,常年性影响
878,赤道逆流,强烈影响,常年性影响
879,赤道逆流,强烈影响,常年性影响
880,赤道逆流,强烈影响,常年性影响
881,赤道逆流,强烈影响,常年性影响
882,赤道逆流,强烈影响,常年性影响
883,赤道逆流,强烈影响,常年性影响
884,赤道逆流,强烈影响,常年性影响
885,赤道逆流,强烈影响,常年性影响
886,赤道逆流,强烈影响,常年性影响
887,赤道逆流,强烈影响,常年性影响
888,赤道逆流,强烈影响,常年性影响
889,赤道逆流,强烈影响,常年性影响
890,赤道逆流,强烈影响,常年性影响
891,赤道逆流,强烈影响,常年性影响
892,赤道逆流,强烈影响,常年性影响
893,赤道逆流,强烈影响,常年性影响
894,赤道逆流,强烈影响,常年性影响
895,赤道逆流,强烈影响,常年性影响
896,赤道逆流,强烈影响,常年性影响
897,赤道逆流,强烈影响,常年性影响
898,赤道逆流,强烈影响,常年性影响
899,赤道逆流,强烈影响,常年性影响
900,赤道逆流,强烈影响,常年性影响
901,赤道逆流,强烈影响,常年性影响
902,赤道逆流,强烈影响,常年性影响
903,赤道逆流,强烈影响,常年性影响
904,赤道逆流,强烈影响,常年性影响
905,赤道逆流,强烈影响,常年性影响
906,赤道逆流,强烈影响,常年性影响
907,赤道逆流,强烈影响,常年性影响
908,赤道逆流,强烈影响,常年性影响
909,赤道逆流,强烈影响,常年性影响
910,赤道逆流,强烈影响,常年性影响
911,赤道逆流,强烈影响,常年性影响
912,赤道逆流,强烈影响,常年性影响
922,赤道逆流,强烈影响,常年性影响
923,赤道逆流,强烈影响,常年性影响
924,赤道逆流,强烈影响,常年性影响
925,赤道逆流,强烈影响,常年性影响
832,赤道逆流,强烈影响,常年性影响
833,赤道逆流,强烈影响,常年性影响
887,赤道逆流,强烈影响,常年性影响
888,赤道逆流,强烈影响,常年性影响
943,赤道逆流,强烈影响,常年性影响
944,赤道逆流,强烈影响,常年性影响
999,赤道逆流,强烈影响,常年性影响
1000,赤道逆流,强烈影响,常年性影响
1006,赤道逆流,强烈影响,常年性影响
1007,赤道逆流,强烈影响,常年性影响
1008,赤道逆流,强烈影响,常年性影响
1009,赤道逆流,强烈影响,常年性影响
1065,赤道逆流,强烈影响,常年性影响
1066,赤道逆流,强烈影响,常年性影响
1067,赤道逆流,强烈影响,常年性影响
1068,赤道逆流,强烈影响,常年性影响
905,赤道逆流,强烈影响,常年性影响
906,赤道逆流,强烈影响,常年性影响
907,赤道逆流,强烈影响,常年性影响
908,赤道逆流,强烈影响,常年性影响
909,赤道逆流,强烈影响,常年性影响
910,赤道逆流,强烈影响,常年性影响
911,赤道逆流,强烈影响,常年性影响
912,赤道逆流,强烈影响,常年性影响
1276,北太平洋暖流,强烈影响,常年性影响
1277,北太平洋暖流,强烈影响,常年性影响
1278,北太平洋暖流,强烈影响,常年性影响
1279,北太平洋暖流,强烈影响,常年性影响
1280,北太平洋暖流,强烈影响,常年性影响
1281,北太平洋暖流,强烈影响,常年性影响
1282,北太平洋暖流,强烈影响,常年性影响
1283,北太平洋暖流,强烈影响,常年性影响
1284,北太平洋暖流,强烈影响,常年性影响
1285,北太平洋暖流,强烈影响,常年性影响
1286,北太平洋暖流,强烈影响,常年性影响
1308,北太平洋暖流,强烈影响,常年性影响
1309,北太平洋暖流,强烈影响,常年性影响
1310,北太平洋暖流,强烈影响,常年性影响
1311,北太平洋暖流,强烈影响,常年性影响
1312,北太平洋暖流,强烈影响,常年性影响
1313,北太平洋暖流,强烈影响,常年性影响
1314,北太平洋暖流,强烈影响,常年性影响
1315,北太平洋暖流,强烈影响,常年性影响
1316,北太平洋暖流,强烈影响,常年性影响
1317,北太平洋暖流,强烈影响,常年性影响
1318,北太平洋暖流,强烈影响,常年性影响
1319,北太平洋暖流,强烈影响,常年性影响
1320,北太平洋暖流,强烈影响,常年性影响
1321,北太平洋暖流,强烈影响,常年性影响
1322,北太平洋暖流,强烈影响,常年性影响
1323,北太平洋暖流,强烈影响,常年性影响
1324,北太平洋暖流,强烈影响,常年性影响
1325,北太平洋暖流,强烈影响,常年性影响
1345,北太平洋暖流,强烈影响,常年性影响
1346,北太平洋暖流,强烈影响,常年性影响
1347,北太平洋暖流,强烈影响,常年性影响
1348,北太平洋暖流,强烈影响,常年性影响
1349,北太平洋暖流,强烈影响,常年性影响
1350,北太平洋暖流,强烈影响,常年性影响
1351,北太平洋暖流,强烈影响,常年性影响
1331,北大西洋暖流,强烈影响,常年性影响
1332,北大西洋暖流,强烈影响,常年性影响
1333,北大西洋暖流,强烈影响,常年性影响
1334,北大西洋暖流,强烈影响,常年性影响
1335,北大西洋暖流,强烈影响,常年性影响
1336,北大西洋暖流,强烈影响,常年性影响
1337,北大西洋暖流,强烈影响,常年性影响
1367,北大西洋暖流,强烈影响,常年性影响
1368,北大西洋暖流,强烈影响,常年性影响
1369,北大西洋暖流,强烈影响,常年性影响
1370,北大西洋暖流,强烈影响,常年性影响
1371,北大西洋暖流,强烈影响,常年性影响
1372,北大西洋暖流,强烈影响,常年性影响
1373,北大西洋暖流,强烈影响,常年性影响
1395,北大西洋暖流,强烈影响,常年性影响
1396,北大西洋暖流,强烈影响,常年性影响
1397,北大西洋暖流,强烈影响,常年性影响
1398,北大西洋暖流,强烈影响,常年性影响
1399,北大西洋暖流,强烈影响,常年性影响
1400,北大西洋暖流,强烈影响,常年性影响
1401,北大西洋暖流,强烈影响,常年性影响
1385,阿拉斯加暖流,强烈影响,常年性影响
1386,阿拉斯加暖流,强烈影响,常年性影响
1387,阿拉斯加暖流,强烈影响,常年性影响
1388,阿拉斯加暖流,强烈影响,常年性影响
1389,阿拉斯加暖流,强烈影响,常年性影响
1390,阿拉斯加暖流,强烈影响,常年性影响
1391,阿拉斯加暖流,强烈影响,常年性影响
1286,阿拉斯加暖流,强烈影响,常年性影响
1325,阿拉斯加暖流,强烈影响,常年性影响
1362,阿拉斯加暖流,强烈影响,常年性影响
1244,加利福尼亚凉流,强烈影响,常年性影响
1245,加利福尼亚凉流,强烈影响,常年性影响
1286,加利福尼亚凉流,强烈影响,常年性影响
1157,加利福尼亚凉流,强烈影响,常年性影响
1158,加利福尼亚凉流,强烈影响,常年性影响
1205,加利福尼亚凉流,强烈影响,常年性影响
346,秘鲁凉流,强烈影响,常年性影响
347,秘鲁凉流,强烈影响,常年性影响
348,秘鲁凉流,强烈影响,常年性影响
416,秘鲁凉流,强烈影响,常年性影响
417,秘鲁凉流,强烈影响,常年性影响
418,秘鲁凉流,强烈影响,常年性影响
484,秘鲁凉流,强烈影响,常年性影响
485,秘鲁凉流,强烈影响,常年性影响
486,秘鲁凉流,强烈影响,常年性影响
550,秘鲁凉流,强烈影响,常年性影响
551,秘鲁凉流,强烈影响,常年性影响
552,秘鲁凉流,强烈影响,常年性影响
553,秘鲁凉流,强烈影响,常年性影响
611,秘鲁凉流,强烈影响,常年性影响
612,秘鲁凉流,强烈影响,常年性影响
613,秘鲁凉流,强烈影响,常年性影响
614,秘鲁凉流,强烈影响,常年性影响
667,秘鲁凉流,强烈影响,常年性影响
668,秘鲁凉流,强烈影响,常年性影响
669,秘鲁凉流,强烈影响,常年性影响
670,秘鲁凉流,强烈影响,常年性影响
721,秘鲁凉流,强烈影响,常年性影响
722,秘鲁凉流,强烈影响,常年性影响
723,秘鲁凉流,强烈影响,常年性影响
724,秘鲁凉流,强烈影响,常年性影响
775,秘鲁凉流,强烈影响,常年性影响
776,秘鲁凉流,强烈影响,常年性影响
777,秘鲁凉流,强烈影响,常年性影响
1327,拉布拉多寒流,强烈影响,常年性影响
1328,拉布拉多寒流,强烈影响,常年性影响
1329,拉布拉多寒流,强烈影响,常年性影响
1363,拉布拉多寒流,强烈影响,常年性影响
1364,拉布拉多寒流,强烈影响,常年性影响
1365,拉布拉多寒流,强烈影响,常年性影响
1393,拉布拉多寒流,强烈影响,常年性影响
1420,拉布拉多寒流,强烈影响,常年性影响
1421,拉布拉多寒流,强烈影响,常年性影响
1164,墨西哥湾暖流,强烈影响,常年性影响
1165,墨西哥湾暖流,强烈影响,常年性影响
1208,墨西哥湾暖流,强烈影响,常年性影响
1209,墨西哥湾暖流,强烈影响,常年性影响
1247,墨西哥湾暖流,强烈影响,常年性影响
1248,墨西哥湾暖流,强烈影响,常年性影响
1287,墨西哥湾暖流,强烈影响,常年性影响
1288,墨西哥湾暖流,强烈影响,常年性影响
1289,墨西哥湾暖流,强烈影响,常年性影响
1290,墨西哥湾暖流,强烈影响,常年性影响
1291,墨西哥湾暖流,强烈影响,常年性影响
351,巴西暖流,强烈影响,常年性影响
352,巴西暖流,强烈影响,常年性影响
353,巴西暖流,强烈影响,常年性影响
354,巴西暖流,强烈影响,常年性影响
355,巴西暖流,强烈影响,常年性影响
421,巴西暖流,强烈影响,常年性影响
422,巴西暖流,强烈影响,常年性影响
423,巴西暖流,强烈影响,常年性影响
424,巴西暖流,强烈影响,常年性影响
425,巴西暖流,强烈影响,常年性影响
487,巴西暖流,强烈影响,常年性影响
488,巴西暖流,强烈影响,常年性影响
489,巴西暖流,强烈影响,常年性影响
490,巴西暖流,强烈影响,常年性影响
491,巴西暖流,强烈影响,常年性影响
554,巴西暖流,强烈影响,常年性影响
555,巴西暖流,强烈影响,常年性影响
556,巴西暖流,强烈影响,常年性影响
557,巴西暖流,强烈影响,常年性影响
615,巴西暖流,强烈影响,常年性影响
616,巴西暖流,强烈影响,常年性影响
617,巴西暖流,强烈影响,常年性影响
618,巴西暖流,强烈影响,常年性影响
671,巴西暖流,强烈影响,常年性影响
672,巴西暖流,强烈影响,常年性影响
725,巴西暖流,强烈影响,常年性影响
726,巴西暖流,强烈影响,常年性影响
778,巴西暖流,强烈影响,常年性影响
779,巴西暖流,强烈影响,常年性影响
835,巴西暖流,强烈影响,常年性影响
890,巴西暖流,强烈影响,常年性影响
891,巴西暖流,强烈影响,常年性影响
892,巴西暖流,强烈影响,常年性影响
946,巴西暖流,强烈影响,常年性影响
947,巴西暖流,强烈影响,常年性影响
948,巴西暖流,强烈影响,常年性影响
949,巴西暖流,强烈影响,常年性影响
1003,巴西暖流,强烈影响,常年性影响
1004,巴西暖流,强烈影响,常年性影响
1005,巴西暖流,强烈影响,常年性影响
1006,巴西暖流,强烈影响,常年性影响
1007,巴西暖流,强烈影响,常年性影响
1062,巴西暖流,强烈影响,常年性影响
1063,巴西暖流,强烈影响,常年性影响
1064,巴西暖流,强烈影响,常年性影响
1065,巴西暖流,强烈影响,常年性影响
1066,巴西暖流,强烈影响,常年性影响
1449,东格陵兰寒流,强烈影响,常年性影响
1450,东格陵兰寒流,强烈影响,常年性影响
1451,东格陵兰寒流,强烈影响,常年性影响
1452,东格陵兰寒流,强烈影响,常年性影响
1453,东格陵兰寒流,强烈影响,常年性影响
1454,东格陵兰寒流,强烈影响,常年性影响
1455,东格陵兰寒流,强烈影响,常年性影响
1456,东格陵兰寒流,强烈影响,常年性影响
1466,东格陵兰寒流,强烈影响,常年性影响
1467,东格陵兰寒流,强烈影响,常年性影响
1468,东格陵兰寒流,强烈影响,常年性影响
1469,东格陵兰寒流,强烈影响,常年性影响
1470,东格陵兰寒流,强烈影响,常年性影响
1471,东格陵兰寒流,强烈影响,常年性影响
1472,东格陵兰寒流,强烈影响,常年性影响
1495,东格陵兰寒流,强烈影响,常年性影响
1496,东格陵兰寒流,强烈影响,常年性影响
1497,东格陵兰寒流,强烈影响,常年性影响
1498,东格陵兰寒流,强烈影响,常年性影响
1542,东格陵兰寒流,强烈影响,常年性影响
1543,东格陵兰寒流,强烈影响,常年性影响
1544,东格陵兰寒流,强烈影响,常年性影响
1545,东格陵兰寒流,强烈影响,常年性影响
1455,挪威暖流,强烈影响,常年性影响
1456,挪威暖流,强烈影响,常年性影响
1457,挪威暖流,强烈影响,常年性影响
1474,挪威暖流,强烈影响,常年性影响
1475,挪威暖流,强烈影响,常年性影响
1122,加那利凉流,强烈影响,常年性影响
1123,加那利凉流,强烈影响,常年性影响
1175,加那利凉流,强烈影响,常年性影响
1176,加那利凉流,强烈影响,常年性影响
1219,加那利凉流,强烈影响,常年性影响
1220,加那利凉流,强烈影响,常年性影响
1258,加那利凉流,强烈影响,常年性影响
1259,加那利凉流,强烈影响,常年性影响
1260,加那利凉流,强烈影响,常年性影响
499,本格拉凉流,强烈影响,常年性影响
565,本格拉凉流,强烈影响,常年性影响
626,本格拉凉流,强烈影响,常年性影响
680,本格拉凉流,强烈影响,常年性影响
734,本格拉凉流,强烈影响,常年性影响
787,本格拉凉流,强烈影响,常年性影响
843,本格拉凉流,强烈影响,常年性影响
900,本格拉凉流,强烈影响,常年性影响
957,本格拉凉流,强烈影响,常年性影响
502,阿古拉斯暖流,强烈影响,常年性影响
503,阿古拉斯暖流,强烈影响,常年性影响
504,阿古拉斯暖流,强烈影响,常年性影响
505,阿古拉斯暖流,强烈影响,常年性影响
506,阿古拉斯暖流,强烈影响,常年性影响
507,阿古拉斯暖流,强烈影响,常年性影响
508,阿古拉斯暖流,强烈影响,常年性影响
509,阿古拉斯暖流,强烈影响,常年性影响
568,阿古拉斯暖流,强烈影响,常年性影响
569,阿古拉斯暖流,强烈影响,常年性影响
570,阿古拉斯暖流,强烈影响,常年性影响
571,阿古拉斯暖流,强烈影响,常年性影响
572,阿古拉斯暖流,强烈影响,常年性影响
573,阿古拉斯暖流,强烈影响,常年性影响
628,阿古拉斯暖流,强烈影响,常年性影响
629,阿古拉斯暖流,强烈影响,常年性影响
630,阿古拉斯暖流,强烈影响,常年性影响
631,阿古拉斯暖流,强烈影响,常年性影响
632,阿古拉斯暖流,强烈影响,常年性影响
682,阿古拉斯暖流,强烈影响,常年性影响
683,阿古拉斯暖流,强烈影响,常年性影响
684,阿古拉斯暖流,强烈影响,常年性影响
685,阿古拉斯暖流,强烈影响,常年性影响
735,阿古拉斯暖流,强烈影响,常年性影响
736,阿古拉斯暖流,强烈影响,常年性影响
737,阿古拉斯暖流,强烈影响,常年性影响
789,阿古拉斯暖流,强烈影响,常年性影响
790,阿古拉斯暖流,强烈影响,常年性影响
791,阿古拉斯暖流,强烈影响,常年性影响
792,阿古拉斯暖流,强烈影响,常年性影响
845,阿古拉斯暖流,强烈影响,常年性影响
846,阿古拉斯暖流,强烈影响,常年性影响
847,阿古拉斯暖流,强烈影响,常年性影响
848,阿古拉斯暖流,强烈影响,常年性影响
901,阿古拉斯暖流,强烈影响,常年性影响
902,阿古拉斯暖流,强烈影响,常年性影响
903,阿古拉斯暖流,强烈影响,常年性影响
904,阿古拉斯暖流,强烈影响,常年性影响
958,阿古拉斯暖流,强烈影响,常年性影响
959,阿古拉斯暖流,强烈影响,常年性影响
960,阿古拉斯暖流,强烈影响,常年性影响
1011,阿古拉斯暖流,强烈影响,常年性影响
1012,阿古拉斯暖流,强烈影响,常年性影响
1070,阿古拉斯暖流,强烈影响,常年性影响
1071,阿古拉斯暖流,强烈影响,常年性影响
1072,阿古拉斯暖流,强烈影响,常年性影响
504,莫桑比克暖流,强烈影响,常年性影响
505,莫桑比克暖流,强烈影响,常年性影响
506,莫桑比克暖流,强烈影响,常年性影响
507,莫桑比克暖流,强烈影响,常年性影响
508,莫桑比克暖流,强烈影响,常年性影响
509,莫桑比克暖流,强烈影响,常年性影响
568,莫桑比克暖流,强烈影响,常年性影响
569,莫桑比克暖流,强烈影响,常年性影响
570,莫桑比克暖流,强烈影响,常年性影响
571,莫桑比克暖流,强烈影响,常年性影响
572,莫桑比克暖流,强烈影响,常年性影响
573,莫桑比克暖流,强烈影响,常年性影响
628,莫桑比克暖流,强烈影响,常年性影响
629,莫桑比克暖流,强烈影响,常年性影响
630,莫桑比克暖流,强烈影响,常年性影响
631,莫桑比克暖流,强烈影响,常年性影响
632,莫桑比克暖流,强烈影响,常年性影响
682,莫桑比克暖流,强烈影响,常年性影响
683,莫桑比克暖流,强烈影响,常年性影响
684,莫桑比克暖流,强烈影响,常年性影响
685,莫桑比克暖流,强烈影响,常年性影响
735,莫桑比克暖流,强烈影响,常年性影响
736,莫桑比克暖流,强烈影响,常年性影响
737,莫桑比克暖流,强烈影响,常年性影响
789,莫桑比克暖流,强烈影响,常年性影响
790,莫桑比克暖流,强烈影响,常年性影响
791,莫桑比克暖流,强烈影响,常年性影响
792,莫桑比克暖流,强烈影响,常年性影响
582,西澳凉流,强烈影响,常年性影响
583,西澳凉流,强烈影响,常年性影响
641,西澳凉流,强烈影响,常年性影响
642,西澳凉流,强烈影响,常年性影响
694,西澳凉流,强烈影响,常年性影响
695,西澳凉流,强烈影响,常年性影响
746,西澳凉流,强烈影响,常年性影响
747,西澳凉流,强烈影响,常年性影响
801,西澳凉流,强烈影响,常年性影响
802,西澳凉流,强烈影响,常年性影响
1307,亲潮,强烈影响,常年性影响
1308,亲潮,强烈影响,常年性影响
1345,亲潮,强烈影响,常年性影响
1376,亲潮,强烈影响,常年性影响
1377,亲潮,强烈影响,常年性影响
1378,亲潮,强烈影响,常年性影响
1379,亲潮,强烈影响,常年性影响
1404,亲潮,强烈影响,常年性影响
1405,亲潮,强烈影响,常年性影响
1436,亲潮,强烈影响,常年性影响
1082,黑潮,强烈影响,常年性影响
1083,黑潮,强烈影响,常年性影响
1084,黑潮,强烈影响,常年性影响
1134,黑潮,强烈影响,常年性影响
1135,黑潮,强烈影响,常年性影响
1136,黑潮,强烈影响,常年性影响
1182,黑潮,强烈影响,常年性影响
1183,黑潮,强烈影响,常年性影响
1184,黑潮,强烈影响,常年性影响
1223,黑潮,强烈影响,常年性影响
1224,黑潮,强烈影响,常年性影响
1225,黑潮,强烈影响,常年性影响
1265,黑潮,强烈影响,常年性影响
1266,黑潮,强烈影响,常年性影响
1267,黑潮,强烈影响,常年性影响
461,东澳暖流,强烈影响,常年性影响
462,东澳暖流,强烈影响,常年性影响
463,东澳暖流,强烈影响,常年性影响
464,东澳暖流,强烈影响,常年性影响
526,东澳暖流,强烈影响,常年性影响
527,东澳暖流,强烈影响,常年性影响
528,东澳暖流,强烈影响,常年性影响
529,东澳暖流,强烈影响,常年性影响
587,东澳暖流,强烈影响,常年性影响
588,东澳暖流,强烈影响,常年性影响
589,东澳暖流,强烈影响,常年性影响
590,东澳暖流,强烈影响,常年性影响
644,东澳暖流,强烈影响,常年性影响
645,东澳暖流,强烈影响,常年性影响
646,东澳暖流,强烈影响,常年性影响
697,东澳暖流,强烈影响,常年性影响
698,东澳暖流,强烈影响,常年性影响
699,东澳暖流,强烈影响,常年性影响
700,东澳暖流,强烈影响,常年性影响
751,东澳暖流,强烈影响,常年性影响
752,东澳暖流,强烈影响,常年性影响
753,东澳暖流,强烈影响,常年性影响
754,东澳暖流,强烈影响,常年性影响
809,东澳暖流,强烈影响,常年性影响
810,东澳暖流,强烈影响,常年性影响
811,东澳暖流,强烈影响,常年性影响
812,东澳暖流,强烈影响,常年性影响
890,南赤道洋流,强烈影响,常年性影响
891,南赤道洋流,强烈影响,常年性影响
892,南赤道洋流,强烈影响,常年性影响
893,南赤道洋流,强烈影响,常年性影响
894,南赤道洋流,强烈影响,常年性影响
895,南赤道洋流,强烈影响,常年性影响
896,南赤道洋流,强烈影响,常年性影响
897,南赤道洋流,强烈影响,常年性影响
898,南赤道洋流,强烈影响,常年性影响
899,南赤道洋流,强烈影响,常年性影响
946,南赤道洋流,强烈影响,常年性影响
947,南赤道洋流,强烈影响,常年性影响
948,南赤道洋流,强烈影响,常年性影响
949,南赤道洋流,强烈影响,常年性影响
950,南赤道洋流,强烈影响,常年性影响
951,南赤道洋流,强烈影响,常年性影响
952,南赤道洋流,强烈影响,常年性影响
953,南赤道洋流,强烈影响,常年性影响
954,南赤道洋流,强烈影响,常年性影响
955,南赤道洋流,强烈影响,常年性影响
956,南赤道洋流,强烈影响,常年性影响
947,南赤道洋流,强烈影响,常年性影响
1005,南赤道洋流,强烈影响,常年性影响
